"ID","Adoption ID","Adoption Name","User ID","User Display Name","Collected Amount","Measurement","Duration Minutes","Primary Debris","Secondary Debris","City","County","Watershed","Subwatershed","Latitude","Longitude","Cleaning Date"
"74725","10706","Crystal","6405","Deb","0.8","pounds","15","Brown leaves","Trash","Crystal","Hennepin","Shingle Creek","Shingle Creek","45.03652171","-93.35221608","03/08/2025 16:25"
"74724","10705","Welcome","6405","Deb","0.8","pounds","10","Brown leaves","Trash","Crystal","Hennepin","Shingle Creek","Shingle Creek","45.036859044239","-93.351453006978","03/08/2025 16:24"
"74495","12571","Jo & Lu","7439","Jo & Lu","50","pounds","180","Brown leaves and/or sticks and twigs","Sediment/dirt","Crystal","Hennepin","Bassett Creek","Bassett Creek Park Pond","45.019215038964","-93.367533034477","02/28/2025 16:42"
"73255","13595","Damm","7859","Jill","8","pounds","28","Brown leaves and/or sticks and twigs","Grass and/or green leaves","Crystal","Hennepin","Shingle Creek","Shingle Creek","45.02825409","-93.36250052","01/07/2025 20:46"
"73006","8270","Our Storm Drain","4926","Gordon","","pounds","30","Snow and/or ice","Snow and/or ice","Crystal","Hennepin","Shingle Creek","Shingle Creek","45.047068016941","-93.346574025109","01/03/2025 16:59"
"72864","18897","Rainy Drainy","10378","Grandpa, Grandma,  Airika and Ariana","0.8","pounds","5","Brown leaves","Brown leaves","Crystal","Hennepin","Shingle Creek","Shingle Creek","45.049926028824","-93.347237052","12/28/2024 19:10"
"72863","18894","Georgie","10378","Grandpa, Grandma,  Airika and Ariana","0.8","pounds","5","Brown leaves","There was no debris","Crystal","Hennepin","Shingle Creek","Shingle Creek","45.049912028284","-93.347076022887","12/28/2024 19:10"
"71993","21727","Mucky Muck","11732","Annette Kendall","2.4","pounds","30","Brown leaves","","Crystal","Hennepin","Shingle Creek","Shingle Creek","45.05462185","-93.34039002","11/27/2024 6:14"
"71992","21726","Mucky Muck 2","11732","Annette Kendall","3.2","pounds","30","Brown leaves","","Crystal","Hennepin","Shingle Creek","Shingle Creek","45.0546078","-93.34028336","11/27/2024 6:13"
"71526","28308","Brittany Drain","15294","Carmen","51.2","pounds","60","Brown leaves","Sediment/dirt","Crystal","Hennepin","Bassett Creek","Bassett Creek Main Stem (Upstream)","45.014782020055","-93.385213012491","11/21/2024 21:07"
"71525","28307","Natasha Drain","15294","Carmen","52","pounds","45","Brown leaves","Sediment/dirt","Crystal","Hennepin","Bassett Creek","Bassett Creek Main Stem (Upstream)","45.014729021779","-93.385156041963","11/21/2024 21:07"
"71405","28311","Clean Carl","15297","Lamplighter Crew","1.6","pounds","10","Brown leaves","Sediment/dirt","Crystal","Hennepin","Bassett Creek","Bassett Creek Park Pond","45.007247042106","-93.356103010211","11/20/2024 16:35"
"71065","18897","Rainy Drainy","10378","Grandpa, Grandma,  Airika and Ariana","4","pounds","10","Brown leaves","Brown leaves","Crystal","Hennepin","Shingle Creek","Shingle Creek","45.049926028824","-93.347237052","11/18/2024 18:16"
"71064","18894","Georgie","10378","Grandpa, Grandma,  Airika and Ariana","4","pounds","10","Brown leaves","Brown leaves","Crystal","Hennepin","Shingle Creek","Shingle Creek","45.049912028284","-93.347076022887","11/18/2024 18:15"
"71044","26308","Sunshine Cottage Drain","14283","Judith Anthony","4","pounds","2","Brown leaves","","Crystal","Hennepin","Shingle Creek","Shingle Creek","45.04353381","-93.36530175","11/18/2024 16:57"
"70517","8270","Our Storm Drain","4926","Gordon","30","pounds","30","Brown leaves","Sediment/dirt","Crystal","Hennepin","Shingle Creek","Shingle Creek","45.047068016941","-93.346574025109","11/17/2024 16:30"
"69724","26472","Bad boy","14378","Drain cleaner","3","pounds","15","Brown leaves","","Crystal","Hennepin","Bassett Creek","Bassett Creek Main Stem (Upstream)","45.014544999764","-93.381716046803","11/08/2024 14:31"
"69586","27892","Iron Horse","14990","Emma","7","pounds","5","Sediment/dirt","Brown leaves","Crystal","Hennepin","Shingle Creek","Shingle Creek","45.047654015193","-93.366661001154","11/06/2024 18:02"
"68087","28308","Brittany Drain","15294","Carmen","10.8","pounds","25","Grass and/or green leaves","Brown leaves","Crystal","Hennepin","Bassett Creek","Bassett Creek Main Stem (Upstream)","45.014782020055","-93.385213012491","09/30/2024 15:53"
"68086","28307","Natasha Drain","15294","Carmen","11.4","pounds","25","Grass and/or green leaves","Brown leaves","Crystal","Hennepin","Bassett Creek","Bassett Creek Main Stem (Upstream)","45.014729021779","-93.385156041963","09/30/2024 15:52"
"67812","18894","Georgie","10378","Grandpa, Grandma,  Airika and Ariana","0.8","pounds","2","Brown leaves","Brown leaves","Crystal","Hennepin","Shingle Creek","Shingle Creek","45.049912028284","-93.347076022887","09/21/2024 16:58"
"67811","18897","Rainy Drainy","10378","Grandpa, Grandma,  Airika and Ariana","0.8","pounds","2","Brown leaves","Brown leaves","Crystal","Hennepin","Shingle Creek","Shingle Creek","45.049926028824","-93.347237052","09/21/2024 16:57"
"67745","6351","Flowy","3950","pitanfamily","0.3","pounds","1","Sediment/dirt","Brown leaves","Crystal","Hennepin","Bassett Creek","Bassett Creek Park Pond","45.01648798546","-93.370135038989","09/20/2024 12:04"
"67121","28392","neighbors leftovers","15357","Cranston","5","pounds","30","Brown leaves and/or sticks and twigs","Grass and/or green leaves","Crystal","Hennepin","Bassett Creek","Bassett Creek Main Stem (Upstream)","45.020254970822","-93.352320032766","09/04/2024 19:49"
"66469","6351","Flowy","3950","pitanfamily","0.8","pounds","1","Brown leaves","Sediment/dirt","Crystal","Hennepin","Bassett Creek","Bassett Creek Park Pond","45.01648798546","-93.370135038989","08/25/2024 11:29"
"66216","21727","Mucky Muck","11732","Annette Kendall","0.4","pounds","10","Brown leaves","There was no debris","Crystal","Hennepin","Shingle Creek","Shingle Creek","45.05462185","-93.34039002","08/16/2024 14:44"
"66215","21726","Mucky Muck 2","11732","Annette Kendall","0.4","pounds","10","Brown leaves","There was no debris","Crystal","Hennepin","Shingle Creek","Shingle Creek","45.0546078","-93.34028336","08/16/2024 14:44"
"65566","18897","Rainy Drainy","10378","Grandpa, Grandma,  Airika and Ariana","0.8","pounds","5","Brown leaves","Brown leaves","Crystal","Hennepin","Shingle Creek","Shingle Creek","45.049926028824","-93.347237052","07/27/2024 16:18"
"65565","18894","Georgie","10378","Grandpa, Grandma,  Airika and Ariana","0.8","pounds","5","Brown leaves","Brown leaves","Crystal","Hennepin","Shingle Creek","Shingle Creek","45.049912028284","-93.347076022887","07/27/2024 16:18"
"65495","6351","Flowy","3950","pitanfamily","1","pounds","1","Sediment/dirt","Brown leaves","Crystal","Hennepin","Bassett Creek","Bassett Creek Park Pond","45.01648798546","-93.370135038989","07/26/2024 12:12"
"65483","21727","Mucky Muck","11732","Annette Kendall","1.6","pounds","15","Brown leaves","Sediment/dirt","Crystal","Hennepin","Shingle Creek","Shingle Creek","45.05462185","-93.34039002","07/26/2024 4:18"
"65482","21726","Mucky Muck 2","11732","Annette Kendall","2.4","pounds","15","Brown leaves","Sediment/dirt","Crystal","Hennepin","Shingle Creek","Shingle Creek","45.0546078","-93.34028336","07/26/2024 4:18"
"64486","8270","Our Storm Drain","4926","Gordon","3","pounds","10","Sediment/dirt","Grass and/or green leaves","Crystal","Hennepin","Shingle Creek","Shingle Creek","45.047068016941","-93.346574025109","07/05/2024 14:29"
"64387","20636","43rd & Vera Cruz SW corner #1","3485","Pete","1.6","pounds","5","Brown leaves","Grass and/or green leaves","Crystal","Hennepin","Shingle Creek","Shingle Creek","45.033422207953","-93.349511672472","07/02/2024 2:53"
"64386","20635","43rd & Vera Cruz NW corner #1","3485","Pete","2.4","pounds","5","Grass and/or green leaves","Sediment/dirt","Crystal","Hennepin","Shingle Creek","Shingle Creek","45.033470529374","-93.349533552112","07/02/2024 2:53"
"64385","20634","43rd & Vera Cruz NW corner #2","3485","Pete","3.6","pounds","10","Grass and/or green leaves","Brown leaves","Crystal","Hennepin","Shingle Creek","Shingle Creek","45.033464619037","-93.34955661256","07/02/2024 2:52"
"63830","25020","Twin Lakes Drainery","13205","Gerlach Family","10","pounds","10","Brown leaves and/or sticks and twigs","Sediment/dirt","Crystal","Hennepin","Shingle Creek","Shingle Creek","45.04331726073","-93.343580066139","06/18/2024 20:10"
"63308","27229","Drain Johnson","14439","Schmidt Family","0.8","pounds","5","Brown leaves","Grass and/or green leaves","Crystal","Hennepin","Shingle Creek","Shingle Creek","45.06149314","-93.34239164","06/06/2024 20:08"
"63306","26591","Shania Drain","14439","Schmidt Family","0.8","pounds","5","Brown leaves","Grass and/or green leaves","Crystal","Hennepin","Shingle Creek","Shingle Creek","45.06141937","-93.34237019","06/06/2024 19:55"
"63213","18897","Rainy Drainy","10378","Grandpa, Grandma,  Airika and Ariana","","pounds","2","There was no debris","There was no debris","Crystal","Hennepin","Shingle Creek","Shingle Creek","45.049926028824","-93.347237052","06/04/2024 17:27"
"63212","18894","Georgie","10378","Grandpa, Grandma,  Airika and Ariana","","pounds","2","There was no debris","There was no debris","Crystal","Hennepin","Shingle Creek","Shingle Creek","45.049912028284","-93.347076022887","06/04/2024 17:26"
"63023","6351","Flowy","3950","pitanfamily","0.2","pounds","1","Brown leaves","Trash","Crystal","Hennepin","Bassett Creek","Bassett Creek Park Pond","45.01648798546","-93.370135038989","05/31/2024 12:43"
"62738","21727","Mucky Muck","11732","Annette Kendall","1.6","pounds","60","Brown leaves","Sediment/dirt","Crystal","Hennepin","Shingle Creek","Shingle Creek","45.05462185","-93.34039002","05/24/2024 14:57"
"62737","21726","Mucky Muck 2","11732","Annette Kendall","1.6","pounds","60","Brown leaves","Sediment/dirt","Crystal","Hennepin","Shingle Creek","Shingle Creek","45.0546078","-93.34028336","05/24/2024 14:57"
"61310","8270","Our Storm Drain","4926","Gordon","4","pounds","20","Sediment/dirt","Trash","Crystal","Hennepin","Shingle Creek","Shingle Creek","45.047068016941","-93.346574025109","04/23/2024 15:07"
"60615","26591","Shania Drain","14439","Schmidt Family","0.8","pounds","5","Brown leaves","There was no debris","Crystal","Hennepin","Shingle Creek","Shingle Creek","45.06141937","-93.34237019","04/16/2024 21:53"
"60524","26591","Shania Drain","14439","Schmidt Family","","pounds","5","There was no debris","","Crystal","Hennepin","Shingle Creek","Shingle Creek","45.06141937","-93.34237019","04/13/2024 18:24"
"60281","26472","Bad boy","14378","Drain cleaner","","pounds","","There was no debris","There was no debris","Crystal","Hennepin","Bassett Creek","Bassett Creek Main Stem (Upstream)","45.014544999764","-93.381716046803","04/06/2024 1:34"
"60085","22643","SE Corner 42","12262","Tracey B","1.2","pounds","15","Brown leaves","Trash","Crystal","Hennepin","Shingle Creek","Shingle Creek","45.032636002675","-93.368679980462","03/29/2024 10:03"
"60080","10793","32Welcome","6447","DaveH","4","pounds","30","Brown leaves and/or sticks and twigs","Grass and/or green leaves","Crystal","Hennepin","Bassett Creek","Bassett Creek Main Stem (Upstream)","45.015611001648","-93.35136403506","03/28/2024 19:57"
"59766","10331","Uno","6222","Eskro","7.5","pounds","15","Trash","Brown leaves and/or sticks and twigs","Crystal","Hennepin","Shingle Creek","Shingle Creek","45.05829311","-93.35623485","03/14/2024 18:41"
"59667","25028","Pinky","13109","bowlin","15","pounds","120","Brown leaves","Sediment/dirt","Crystal","Hennepin","Shingle Creek","Shingle Creek","45.047872941403","-93.366496180051","03/07/2024 11:33"
"59416","18897","Rainy Drainy","10378","Grandpa, Grandma,  Airika and Ariana","1.6","pounds","7","Brown leaves","Brown leaves","Crystal","Hennepin","Shingle Creek","Shingle Creek","45.049926028824","-93.347237052","02/26/2024 16:32"
"59415","18894","Georgie","10378","Grandpa, Grandma,  Airika and Ariana","0.8","pounds","5","Brown leaves","","Crystal","Hennepin","Shingle Creek","Shingle Creek","45.049912028284","-93.347076022887","02/26/2024 16:32"
"59217","10871","Better planet","6492","Marge Keith","35","pounds","30","Brown leaves and/or sticks and twigs","Sediment/dirt","Crystal","Hennepin","Shingle Creek","Shingle Creek","45.054740993402","-93.343830046491","02/14/2024 20:01"
"59071","18897","Rainy Drainy","10378","Grandpa, Grandma,  Airika and Ariana","0.8","pounds","5","Brown leaves","Brown leaves","Crystal","Hennepin","Shingle Creek","Shingle Creek","45.049926028824","-93.347237052","02/05/2024 21:47"
"59070","18894","Georgie","10378","Grandpa, Grandma,  Airika and Ariana","0.8","pounds","5","Brown leaves","Brown leaves","Crystal","Hennepin","Shingle Creek","Shingle Creek","45.049912028284","-93.347076022887","02/05/2024 21:46"
"58738","10801","Greg","6451","Stangie","4","pounds","15","Brown leaves and/or sticks and twigs","Grass and/or green leaves","Crystal","Hennepin","Shingle Creek","Shingle Creek","45.059156971354","-93.363070002067","01/23/2024 21:23"
"58680","21727","Mucky Muck","11732","Annette Kendall","","pounds","","There was no debris","There was no debris","Crystal","Hennepin","Shingle Creek","Shingle Creek","45.05462185","-93.34039002","01/19/2024 15:59"
"58679","21726","Mucky Muck 2","11732","Annette Kendall","","pounds","","There was no debris","There was no debris","Crystal","Hennepin","Shingle Creek","Shingle Creek","45.0546078","-93.34028336","01/19/2024 15:59"
"58627","13593","Flow","7859","Jill","12","pounds","30","Brown leaves and/or sticks and twigs","Grass and/or green leaves","Crystal","Hennepin","Shingle Creek","Shingle Creek","45.02808863","-93.36267312","01/18/2024 20:29"
"58592","24673","Run to the Drain","13494","Sarah L","2.4","pounds","10","Brown leaves and/or sticks and twigs","Sediment/dirt","Crystal","Hennepin","Shingle Creek","Shingle Creek","45.057460027719","-93.361820027216","01/16/2024 22:28"
"58577","24828","Albert","13644","John B","3.2","pounds","10","Brown leaves and/or sticks and twigs","Trash","Crystal","Hennepin","Shingle Creek","Shingle Creek","45.057299973953","-93.361717013917","01/16/2024 21:44"
"58394","12571","Jo & Lu","7439","Jo & Lu","32","pounds","300","Brown leaves and/or sticks and twigs","Grass and/or green leaves","Crystal","Hennepin","Bassett Creek","Bassett Creek Park Pond","45.019215038964","-93.367533034477","01/11/2024 16:16"
"58026","8270","Our Storm Drain","4926","Gordon","16","pounds","10","Sediment/dirt","Brown leaves","Crystal","Hennepin","Shingle Creek","Shingle Creek","45.047068016941","-93.346574025109","01/05/2024 17:40"
"57938","15996","Crystal Clean Stormwater Drain","8897","Maddie Maurer","40","pounds","60","Sediment/dirt","Brown leaves and/or sticks and twigs","Crystal","Hennepin","Bassett Creek","Bassett Creek Main Stem (Upstream)","45.014552023675","-93.386876957404","01/04/2024 21:15"
"57316","21727","Mucky Muck","11732","Annette Kendall","3.2","pounds","45","Brown leaves","Grass and/or green leaves","Crystal","Hennepin","Shingle Creek","Shingle Creek","45.05462185","-93.34039002","12/22/2023 13:07"
"57315","21726","Mucky Muck 2","11732","Annette Kendall","3.2","pounds","45","Brown leaves","Grass and/or green leaves","Crystal","Hennepin","Shingle Creek","Shingle Creek","45.0546078","-93.34028336","12/22/2023 13:07"
"56756","18897","Rainy Drainy","10378","Grandpa, Grandma,  Airika and Ariana","0.8","pounds","5","Brown leaves","Brown leaves","Crystal","Hennepin","Shingle Creek","Shingle Creek","45.049926028824","-93.347237052","12/01/2023 14:19"
"56428","18894","Georgie","10378","Grandpa, Grandma,  Airika and Ariana","2.4","pounds","8","Brown leaves","Brown leaves","Crystal","Hennepin","Shingle Creek","Shingle Creek","45.049912028284","-93.347076022887","11/27/2023 18:59"
"56427","18894","Georgie","10378","Grandpa, Grandma,  Airika and Ariana","2.4","pounds","10","Brown leaves","Brown leaves","Crystal","Hennepin","Shingle Creek","Shingle Creek","45.049912028284","-93.347076022887","11/27/2023 18:59"
"56024","18917","Hickory","6057","Jane","3","pounds","19","Brown leaves","There was no debris","Crystal","Hennepin","Shingle Creek","Shingle Creek","45.051097002102","-93.370388985586","11/26/2023 23:41"
"56022","18916","Kindle","6057","Jane","2","pounds","13","Brown leaves","Brown leaves","Crystal","Hennepin","Shingle Creek","Shingle Creek","45.05127987","-93.37211624","11/26/2023 23:40"
"56021","10010","River","6057","Jane","2","pounds","15","Brown leaves","Grass and/or green leaves","Crystal","Hennepin","Shingle Creek","Shingle Creek","45.050889045302","-93.37165302087","11/26/2023 23:40"
"56020","10010","River","6057","Jane","1.6","pounds","15","Brown leaves","Grass and/or green leaves","Crystal","Hennepin","Shingle Creek","Shingle Creek","45.050889045302","-93.37165302087","11/26/2023 23:39"
"56019","10009","Cedar","6057","Jane","1.6","pounds","10","Brown leaves","Grass and/or green leaves","Crystal","Hennepin","Shingle Creek","Shingle Creek","45.051075010494","-93.371341021321","11/26/2023 23:38"
"56018","10008","Rue","6057","Jane","1.6","pounds","15","Brown leaves","Grass and/or green leaves","Crystal","Hennepin","Shingle Creek","Shingle Creek","45.051119979102","-93.371655040078","11/26/2023 23:38"
"56017","6351","Flowy","3950","pitanfamily","1","pounds","2","Brown leaves","Sediment/dirt","Crystal","Hennepin","Bassett Creek","Bassett Creek Park Pond","45.01648798546","-93.370135038989","11/26/2023 23:38"
"55880","8270","Our Storm Drain","4926","Gordon","70","pounds","35","Brown leaves","Sediment/dirt","Crystal","Hennepin","Shingle Creek","Shingle Creek","45.047068016941","-93.346574025109","11/26/2023 22:17"
"55245","6351","Flowy","3950","pitanfamily","3.2","pounds","6","Brown leaves","Grass and/or green leaves","Crystal","Hennepin","Bassett Creek","Bassett Creek Park Pond","45.01648798546","-93.370135038989","11/17/2023 11:24"
"54237","18897","Rainy Drainy","10378","Grandpa, Grandma,  Airika and Ariana","0.8","pounds","5","Brown leaves","Brown leaves","Crystal","Hennepin","Shingle Creek","Shingle Creek","45.049926028824","-93.347237052","10/25/2023 17:43"
"54236","18894","Georgie","10378","Grandpa, Grandma,  Airika and Ariana","0.8","pounds","5","Brown leaves","There was no debris","Crystal","Hennepin","Shingle Creek","Shingle Creek","45.049912028284","-93.347076022887","10/25/2023 17:42"
"53105","22643","SE Corner 42","12262","Tracey B","8","pounds","15","Sediment/dirt","","Crystal","Hennepin","Shingle Creek","Shingle Creek","45.032636002675","-93.368679980462","09/29/2023 16:03"
"52928","18897","Rainy Drainy","10378","Grandpa, Grandma,  Airika and Ariana","0.8","pounds","5","Brown leaves","Brown leaves","Crystal","Hennepin","Shingle Creek","Shingle Creek","45.049926028824","-93.347237052","09/25/2023 16:17"
"52927","18894","Georgie","10378","Grandpa, Grandma,  Airika and Ariana","0.8","pounds","5","Brown leaves","Trash","Crystal","Hennepin","Shingle Creek","Shingle Creek","45.049912028284","-93.347076022887","09/25/2023 16:17"
"52250","18897","Rainy Drainy","10378","Grandpa, Grandma,  Airika and Ariana","0.8","pounds","6","Brown leaves","Brown leaves","Crystal","Hennepin","Shingle Creek","Shingle Creek","45.049926028824","-93.347237052","08/26/2023 16:49"
"52249","18894","Georgie","10378","Grandpa, Grandma,  Airika and Ariana","1.6","pounds","7","Brown leaves","Trash","Crystal","Hennepin","Shingle Creek","Shingle Creek","45.049912028284","-93.347076022887","08/26/2023 16:48"
"52130","22643","SE Corner 42","12262","Tracey B","1.6","pounds","10","Brown leaves","","Crystal","Hennepin","Shingle Creek","Shingle Creek","45.032636002675","-93.368679980462","08/19/2023 15:08"
"51192","18897","Rainy Drainy","10378","Grandpa, Grandma,  Airika and Ariana","0.8","pounds","5","Brown leaves","Brown leaves","Crystal","Hennepin","Shingle Creek","Shingle Creek","45.049926028824","-93.347237052","07/27/2023 20:58"
"51191","18894","Georgie","10378","Grandpa, Grandma,  Airika and Ariana","0.8","pounds","5","Brown leaves","Brown leaves","Crystal","Hennepin","Shingle Creek","Shingle Creek","45.049912028284","-93.347076022887","07/27/2023 20:58"
"50680","8270","Our Storm Drain","4926","Gordon","5","pounds","20","Sediment/dirt","Grass and/or green leaves","Crystal","Hennepin","Shingle Creek","Shingle Creek","45.047068016941","-93.346574025109","07/12/2023 20:00"
"50282","18897","Rainy Drainy","10378","Grandpa, Grandma,  Airika and Ariana","0.8","pounds","5","Brown leaves","","Crystal","Hennepin","Shingle Creek","Shingle Creek","45.049926028824","-93.347237052","06/29/2023 17:06"
"50281","18894","Georgie","10378","Grandpa, Grandma,  Airika and Ariana","","pounds","5","There was no debris","There was no debris","Crystal","Hennepin","Shingle Creek","Shingle Creek","45.049912028284","-93.347076022887","06/29/2023 17:05"
"49969","21727","Mucky Muck","11732","Annette Kendall","3.2","pounds","45","Brown leaves","Sediment/dirt","Crystal","Hennepin","Shingle Creek","Shingle Creek","45.05462185","-93.34039002","06/22/2023 15:46"
"49968","21726","Mucky Muck 2","11732","Annette Kendall","3.2","pounds","45","Brown leaves","Sediment/dirt","Crystal","Hennepin","Shingle Creek","Shingle Creek","45.0546078","-93.34028336","06/22/2023 15:45"
"49030","6351","Flowy","3950","pitanfamily","0.2","pounds","1","Brown leaves","Trash","Crystal","Hennepin","Bassett Creek","Bassett Creek Park Pond","45.01648798546","-93.370135038989","05/18/2023 15:47"
"48978","18897","Rainy Drainy","10378","Grandpa, Grandma,  Airika and Ariana","2.4","pounds","10","Brown leaves","Trash","Crystal","Hennepin","Shingle Creek","Shingle Creek","45.049926028824","-93.347237052","05/15/2023 13:10"
"48977","18894","Georgie","10378","Grandpa, Grandma,  Airika and Ariana","4","pounds","15","Brown leaves","Trash","Crystal","Hennepin","Shingle Creek","Shingle Creek","45.049912028284","-93.347076022887","05/15/2023 13:10"
"48688","21885","Nautica","7998","MykennaC","3.2","pounds","10","Brown leaves","Sediment/dirt","Crystal","Hennepin","Shingle Creek","Shingle Creek","45.026341388308","-93.365178276785","05/07/2023 3:02"
"48180","22723","Racoon Hideout","12305","Nick R.","1","pounds","10","Brown leaves","Sediment/dirt","Crystal","Hennepin","Shingle Creek","Shingle Creek","45.04951102","-93.36787998","04/27/2023 14:17"
"47524","8270","Our Storm Drain","4926","Gordon","15","pounds","20","Brown leaves","Sediment/dirt","Crystal","Hennepin","Shingle Creek","Shingle Creek","45.047068016941","-93.346574025109","04/18/2023 15:28"
"46908","18897","Rainy Drainy","10378","Grandpa, Grandma,  Airika and Ariana","1.6","pounds","5","Brown leaves","Trash","Crystal","Hennepin","Shingle Creek","Shingle Creek","45.049926028824","-93.347237052","03/30/2023 17:58"
"46907","18894","Georgie","10378","Grandpa, Grandma,  Airika and Ariana","1.6","pounds","5","Brown leaves","Trash","Crystal","Hennepin","Shingle Creek","Shingle Creek","45.049912028284","-93.347076022887","03/30/2023 17:57"
"46894","21727","Mucky Muck","11732","Annette Kendall","0.8","pounds","10","Brown leaves","","Crystal","Hennepin","Shingle Creek","Shingle Creek","45.05462185","-93.34039002","03/30/2023 15:00"
"46893","21726","Mucky Muck 2","11732","Annette Kendall","0.8","pounds","10","Brown leaves","","Crystal","Hennepin","Shingle Creek","Shingle Creek","45.0546078","-93.34028336","03/30/2023 14:59"
"46412","18897","Rainy Drainy","10378","Grandpa, Grandma,  Airika and Ariana","","pounds","","There was no debris","There was no debris","Crystal","Hennepin","Shingle Creek","Shingle Creek","45.049926028824","-93.347237052","03/01/2023 18:13"
"46411","18894","Georgie","10378","Grandpa, Grandma,  Airika and Ariana","","pounds","","Snow and/or ice","Snow and/or ice","Crystal","Hennepin","Shingle Creek","Shingle Creek","45.049912028284","-93.347076022887","03/01/2023 18:12"
"46239","21727","Mucky Muck","11732","Annette Kendall","","pounds","1","Snow and/or ice","Brown leaves","Crystal","Hennepin","Shingle Creek","Shingle Creek","45.05462185","-93.34039002","02/16/2023 17:18"
"46238","21726","Mucky Muck 2","11732","Annette Kendall","","pounds","1","Snow and/or ice","Brown leaves","Crystal","Hennepin","Shingle Creek","Shingle Creek","45.0546078","-93.34028336","02/16/2023 17:18"
"46161","15892","Other Sparky","8856","MoByBerg","8","pounds","30","Brown leaves and/or sticks and twigs","Grass and/or green leaves","Crystal","Hennepin","Shingle Creek","Shingle Creek","45.043801004926","-93.351142034545","02/13/2023 15:40"
"45956","18894","Georgie","10378","Grandpa, Grandma,  Airika and Ariana","","pounds","","Snow and/or ice","Snow and/or ice","Crystal","Hennepin","Shingle Creek","Shingle Creek","45.049912028284","-93.347076022887","01/27/2023 16:45"
"45955","18897","Rainy Drainy","10378","Grandpa, Grandma,  Airika and Ariana","","pounds","","Snow and/or ice","Snow and/or ice","Crystal","Hennepin","Shingle Creek","Shingle Creek","45.049926028824","-93.347237052","01/27/2023 16:44"
"45653","10871","Better planet","6492","Marge Keith","6","pounds","15","Brown leaves and/or sticks and twigs","Sediment/dirt","Crystal","Hennepin","Shingle Creek","Shingle Creek","45.054740993402","-93.343830046491","01/12/2023 15:21"
"45616","8270","Our Storm Drain","4926","Gordon","","pounds","60","Snow and/or ice","Brown leaves","Crystal","Hennepin","Shingle Creek","Shingle Creek","45.047068016941","-93.346574025109","01/05/2023 22:48"
"45562","18897","Rainy Drainy","10378","Grandpa, Grandma,  Airika and Ariana","","pounds","7","Snow and/or ice","Brown leaves","Crystal","Hennepin","Shingle Creek","Shingle Creek","45.049926028824","-93.347237052","12/31/2022 18:57"
"45561","18894","Georgie","10378","Grandpa, Grandma,  Airika and Ariana","","pounds","7","Snow and/or ice","Brown leaves","Crystal","Hennepin","Shingle Creek","Shingle Creek","45.049912028284","-93.347076022887","12/31/2022 18:57"
"45444","21726","Mucky Muck 2","11732","Annette Kendall","","pounds","60","Snow and/or ice","","Crystal","Hennepin","Shingle Creek","Shingle Creek","45.0546078","-93.34028336","12/23/2022 2:31"
"45328","19266","Northern Drive South East","10476","Nathan","","pounds","8","Snow and/or ice","Sediment/dirt","Crystal","Hennepin","Bassett Creek","Bassett Creek Main Stem (Upstream)","45.013796040292","-93.388116963305","12/17/2022 15:08"
"45327","19171","Northern Drive South Central","10476","Nathan","","pounds","8","Snow and/or ice","Sediment/dirt","Crystal","Hennepin","Bassett Creek","Bassett Creek Main Stem (Upstream)","45.01379200449","-93.388403984113","12/17/2022 15:07"
"45326","19170","Northern Drive South West","10476","Nathan","","pounds","8","Snow and/or ice","Sediment/dirt","Crystal","Hennepin","Bassett Creek","Bassett Creek Main Stem (Upstream)","45.01379898323","-93.388521969023","12/17/2022 15:07"
"45183","19266","Northern Drive South East","10476","Nathan","","pounds","15","Snow and/or ice","Sediment/dirt","Crystal","Hennepin","Bassett Creek","Bassett Creek Main Stem (Upstream)","45.013796040292","-93.388116963305","12/11/2022 23:53"
"45182","19171","Northern Drive South Central","10476","Nathan","","pounds","20","Snow and/or ice","Sediment/dirt","Crystal","Hennepin","Bassett Creek","Bassett Creek Main Stem (Upstream)","45.01379200449","-93.388403984113","12/11/2022 23:52"
"45181","19170","Northern Drive South West","10476","Nathan","","pounds","15","Snow and/or ice","Sediment/dirt","Crystal","Hennepin","Bassett Creek","Bassett Creek Main Stem (Upstream)","45.01379898323","-93.388521969023","12/11/2022 23:52"
"45157","10706","Crystal","6405","Deb","1.2","pounds","5","Grass and/or green leaves","Trash","Crystal","Hennepin","Shingle Creek","Shingle Creek","45.03652171","-93.35221608","12/09/2022 1:05"
"45156","10705","Welcome","6405","Deb","0.8","pounds","5","Brown leaves","Grass and/or green leaves","Crystal","Hennepin","Shingle Creek","Shingle Creek","45.036859044239","-93.351453006978","12/09/2022 1:03"
"44648","12571","Jo & Lu","7439","Jo & Lu","200","pounds","360","Brown leaves and/or sticks and twigs","Sediment/dirt","Crystal","Hennepin","Bassett Creek","Bassett Creek Park Pond","45.019215038964","-93.367533034477","11/30/2022 17:46"
"44626","16816","Oakey","9285","L T","80","pounds","180","Brown leaves and/or sticks and twigs","","Crystal","Hennepin","Shingle Creek","Shingle Creek","45.063835655673","-93.367561430565","11/30/2022 17:07"
"44600","10801","Greg","6451","Stangie","2.4","pounds","10","Brown leaves and/or sticks and twigs","","Crystal","Hennepin","Shingle Creek","Shingle Creek","45.059156971354","-93.363070002067","11/30/2022 16:37"
"43942","6351","Flowy","3950","pitanfamily","0.4","pounds","5","Brown leaves","Grass and/or green leaves","Crystal","Hennepin","Bassett Creek","Bassett Creek Park Pond","45.01648798546","-93.370135038989","11/17/2022 15:46"
"43637","21886","Stormy","7998","MykennaC","6","pounds","5","Brown leaves","","Crystal","Hennepin","Shingle Creek","Shingle Creek","45.026322260476","-93.365061768648","11/12/2022 20:48"
"43636","21885","Nautica","7998","MykennaC","4.32","pounds","5","Brown leaves","","Crystal","Hennepin","Shingle Creek","Shingle Creek","45.026341388308","-93.365178276785","11/12/2022 20:48"
"43328","20973","Stevie McStormDrain","11207","Team Homeschool","0.4","pounds","1","Brown leaves","","Crystal","Hennepin","Shingle Creek","Bassett Creek Park Pond","45.02451822","-93.36519689","11/08/2022 2:30"
"43293","6351","Flowy","3950","pitanfamily","2","pounds","15","Brown leaves","Sediment/dirt","Crystal","Hennepin","Bassett Creek","Bassett Creek Park Pond","45.01648798546","-93.370135038989","11/07/2022 15:33"
"42703","21727","Mucky Muck","11732","Annette Kendall","3.2","pounds","30","Brown leaves","Grass and/or green leaves","Crystal","Hennepin","Shingle Creek","Shingle Creek","45.05462185","-93.34039002","10/27/2022 14:17"
"42702","21726","Mucky Muck 2","11732","Annette Kendall","3.2","pounds","30","Brown leaves","Grass and/or green leaves","Crystal","Hennepin","Shingle Creek","Shingle Creek","45.0546078","-93.34028336","10/27/2022 14:16"
"42232","8270","Our Storm Drain","4926","Gordon","5","pounds","25","Sediment/dirt","Brown leaves","Crystal","Hennepin","Shingle Creek","Shingle Creek","45.047068016941","-93.346574025109","10/21/2022 13:55"
"41870","18897","Rainy Drainy","10378","Grandpa, Grandma,  Airika and Ariana","","pounds","1","There was no debris","There was no debris","Crystal","Hennepin","Shingle Creek","Shingle Creek","45.049926028824","-93.347237052","10/18/2022 23:48"
"41869","18894","Georgie","10378","Grandpa, Grandma,  Airika and Ariana","","pounds","1","There was no debris","There was no debris","Crystal","Hennepin","Shingle Creek","Shingle Creek","45.049912028284","-93.347076022887","10/18/2022 23:45"
"41868","18894","Georgie","10378","Grandpa, Grandma,  Airika and Ariana","","pounds","1","There was no debris","There was no debris","Crystal","Hennepin","Shingle Creek","Shingle Creek","45.049912028284","-93.347076022887","10/18/2022 23:45"
"41375","21726","Mucky Muck 2","11732","Annette Kendall","0.8","pounds","15","Brown leaves","Sediment/dirt","Crystal","Hennepin","Shingle Creek","Shingle Creek","45.0546078","-93.34028336","09/29/2022 15:40"
"40681","21528","Thrifty Trough","11608","Joshua Drummond","1.6","pounds","10","Brown leaves","Trash","Crystal","Hennepin","Bassett Creek","Bassett Creek Main Stem (Upstream)","45.02033798288","-93.340016990289","09/05/2022 3:12"
"40060","18897","Rainy Drainy","10378","Grandpa, Grandma,  Airika and Ariana","1.6","pounds","5","Brown leaves","Trash","Crystal","Hennepin","Shingle Creek","Shingle Creek","45.049926028824","-93.347237052","08/18/2022 17:29"
"40059","18894","Georgie","10378","Grandpa, Grandma,  Airika and Ariana","2.4","pounds","10","Brown leaves","Brown leaves","Crystal","Hennepin","Shingle Creek","Shingle Creek","45.049912028284","-93.347076022887","08/18/2022 17:28"
"39239","18897","Rainy Drainy","10378","Grandpa, Grandma,  Airika and Ariana","0.8","pounds","5","Brown leaves","","Crystal","Hennepin","Shingle Creek","Shingle Creek","45.049926028824","-93.347237052","07/22/2022 15:09"
"39238","18894","Georgie","10378","Grandpa, Grandma,  Airika and Ariana","0.8","pounds","5","Brown leaves","Brown leaves","Crystal","Hennepin","Shingle Creek","Shingle Creek","45.049912028284","-93.347076022887","07/22/2022 15:08"
"38722","8270","Our Storm Drain","4926","Gordon","10","pounds","20","Sediment/dirt","Brown leaves","Crystal","Hennepin","Shingle Creek","Shingle Creek","45.047068016941","-93.346574025109","07/07/2022 15:58"
"38286","19099","Etienne","9339","Sarah  Shapiro","2","pounds","10","Brown leaves","Grass and/or green leaves","Crystal","Hennepin","Shingle Creek","Shingle Creek","45.02565815","-93.35631358","06/23/2022 1:20"
"38284","19100","Lasaraleen","9339","Sarah  Shapiro","1.2","pounds","10","Brown leaves","Sediment/dirt","Crystal","Hennepin","Shingle Creek","Shingle Creek","45.02570429","-93.35672432","06/23/2022 1:17"
"38224","20637","43rd & Vera Cruz SW corner #2","3485","Pete","10","pounds","15","Brown leaves","Sediment/dirt","Crystal","Hennepin","Shingle Creek","Shingle Creek","45.033421066168","-93.349546357458","06/20/2022 20:15"
"38223","20636","43rd & Vera Cruz SW corner #1","3485","Pete","5","pounds","10","Brown leaves","Sediment/dirt","Crystal","Hennepin","Shingle Creek","Shingle Creek","45.033422207953","-93.349511672472","06/20/2022 20:14"
"38222","20635","43rd & Vera Cruz NW corner #1","3485","Pete","10","pounds","10","Brown leaves","Sediment/dirt","Crystal","Hennepin","Shingle Creek","Shingle Creek","45.033470529374","-93.349533552112","06/20/2022 20:14"
"38221","20634","43rd & Vera Cruz NW corner #2","3485","Pete","10","pounds","10","Brown leaves","Sediment/dirt","Crystal","Hennepin","Shingle Creek","Shingle Creek","45.033464619037","-93.34955661256","06/20/2022 20:13"
"37971","19172","Northern Drive North West","10476","Nathan","0.8","pounds","5","Brown leaves","Sediment/dirt","Crystal","Hennepin","Bassett Creek","Bassett Creek Main Stem (Upstream)","45.013963958476","-93.38841498334","06/13/2022 1:30"
"37970","19171","Northern Drive South Central","10476","Nathan","1.6","pounds","12","Brown leaves","Sediment/dirt","Crystal","Hennepin","Bassett Creek","Bassett Creek Main Stem (Upstream)","45.01379200449","-93.388403984113","06/13/2022 1:29"
"37873","10706","Crystal","6405","Deb","","pounds","1","There was no debris","There was no debris","Crystal","Hennepin","Shingle Creek","Shingle Creek","45.03652171","-93.35221608","06/10/2022 0:00"
"37871","10705","Welcome","6405","Deb","0.4","pounds","2","Brown leaves","Grass and/or green leaves","Crystal","Hennepin","Shingle Creek","Shingle Creek","45.036859044239","-93.351453006978","06/09/2022 23:59"
"35169","19170","Northern Drive South West","10476","Nathan","16","pounds","5","Sediment/dirt","Brown leaves","Crystal","Hennepin","Bassett Creek","Bassett Creek Main Stem (Upstream)","45.01379898323","-93.388521969023","04/05/2022 14:17"
"35168","19171","Northern Drive South Central","10476","Nathan","16","pounds","6","Sediment/dirt","Brown leaves","Crystal","Hennepin","Bassett Creek","Bassett Creek Main Stem (Upstream)","45.01379200449","-93.388403984113","04/05/2022 14:17"
"34948","19175","Yukon Ave East","10476","Nathan","12.8","pounds","12","Brown leaves","Sediment/dirt","Crystal","Hennepin","Bassett Creek","Bassett Creek Main Stem (Upstream)","45.014048957495","-93.388536007716","03/27/2022 18:42"
"34947","19172","Northern Drive North West","10476","Nathan","14.4","pounds","15","Brown leaves","Sediment/dirt","Crystal","Hennepin","Bassett Creek","Bassett Creek Main Stem (Upstream)","45.013963958476","-93.38841498334","03/27/2022 18:41"
"34946","19171","Northern Drive South Central","10476","Nathan","3.2","pounds","5","Brown leaves","Sediment/dirt","Crystal","Hennepin","Bassett Creek","Bassett Creek Main Stem (Upstream)","45.01379200449","-93.388403984113","03/27/2022 18:40"
"34607","19175","Yukon Ave East","10476","Nathan","4.8","pounds","5","Brown leaves","Sediment/dirt","Crystal","Hennepin","Bassett Creek","Bassett Creek Main Stem (Upstream)","45.014048957495","-93.388536007716","03/18/2022 0:55"
"34606","19172","Northern Drive North West","10476","Nathan","4.8","pounds","5","Brown leaves","Sediment/dirt","Crystal","Hennepin","Bassett Creek","Bassett Creek Main Stem (Upstream)","45.013963958476","-93.38841498334","03/18/2022 0:55"
"34535","19172","Northern Drive North West","10476","Nathan","9.6","pounds","10","Brown leaves","Sediment/dirt","Crystal","Hennepin","Bassett Creek","Bassett Creek Main Stem (Upstream)","45.013963958476","-93.38841498334","03/16/2022 20:19"
"34411","10871","Better planet","6492","Marge Keith","8","pounds","30","Brown leaves and/or sticks and twigs","Trash","Crystal","Hennepin","Shingle Creek","Shingle Creek","45.054740993402","-93.343830046491","03/08/2022 18:47"
"34364","19266","Northern Drive South East","10476","Nathan","","pounds","5","Snow and/or ice","Sediment/dirt","Crystal","Hennepin","Bassett Creek","Bassett Creek Main Stem (Upstream)","45.013796040292","-93.388116963305","03/08/2022 14:44"
"34363","19171","Northern Drive South Central","10476","Nathan","","pounds","5","Snow and/or ice","Sediment/dirt","Crystal","Hennepin","Bassett Creek","Bassett Creek Main Stem (Upstream)","45.01379200449","-93.388403984113","03/08/2022 14:44"
"34220","19266","Northern Drive South East","10476","Nathan","","pounds","6","Snow and/or ice","","Crystal","Hennepin","Bassett Creek","Bassett Creek Main Stem (Upstream)","45.013796040292","-93.388116963305","02/26/2022 0:56"
"34219","19171","Northern Drive South Central","10476","Nathan","","pounds","6","Snow and/or ice","Snow and/or ice","Crystal","Hennepin","Bassett Creek","Bassett Creek Main Stem (Upstream)","45.01379200449","-93.388403984113","02/26/2022 0:56"
"34218","19170","Northern Drive South West","10476","Nathan","","pounds","6","Snow and/or ice","","Crystal","Hennepin","Bassett Creek","Bassett Creek Main Stem (Upstream)","45.01379898323","-93.388521969023","02/26/2022 0:56"
"34171","19171","Northern Drive South Central","10476","Nathan","","pounds","8","Snow and/or ice","","Crystal","Hennepin","Bassett Creek","Bassett Creek Main Stem (Upstream)","45.01379200449","-93.388403984113","02/20/2022 22:39"
"34170","19266","Northern Drive South East","10476","Nathan","","pounds","8","Snow and/or ice","","Crystal","Hennepin","Bassett Creek","Bassett Creek Main Stem (Upstream)","45.013796040292","-93.388116963305","02/20/2022 22:39"
"34121","10793","32Welcome","6447","DaveH","5.6","pounds","20","Brown leaves and/or sticks and twigs","Grass and/or green leaves","Crystal","Hennepin","Bassett Creek","Bassett Creek Main Stem (Upstream)","45.015611001648","-93.35136403506","02/16/2022 6:55"
"33894","18897","Rainy Drainy","10378","Grandpa, Grandma,  Airika and Ariana","","pounds","1","Snow and/or ice","","Crystal","Hennepin","Shingle Creek","Shingle Creek","45.049926028824","-93.347237052","02/06/2022 23:24"
"33893","18894","Georgie","10378","Grandpa, Grandma,  Airika and Ariana","","pounds","","Snow and/or ice","","Crystal","Hennepin","Shingle Creek","Shingle Creek","45.049912028284","-93.347076022887","02/06/2022 23:23"
"33674","14965","Georgia Ave 5","8466","Georgia Ave. N","","pounds","10","Snow and/or ice","Snow and/or ice","Crystal","Hennepin","Bassett Creek","Bassett Creek Park Pond","45.011302023671","-93.363899027965","01/15/2022 2:11"
"33673","14964","Georgia Ave 4","8466","Georgia Ave. N","","pounds","10","Snow and/or ice","Snow and/or ice","Crystal","Hennepin","Bassett Creek","Bassett Creek Park Pond","45.011316980337","-93.364147963695","01/15/2022 2:11"
"33672","14963","Georgia Ave 3","8466","Georgia Ave. N","","pounds","10","Snow and/or ice","Snow and/or ice","Crystal","Hennepin","Bassett Creek","Bassett Creek Park Pond","45.011179000704","-93.363952977074","01/15/2022 2:11"
"33671","14962","Georgia Ave 2","8466","Georgia Ave. N","","pounds","10","Snow and/or ice","Snow and/or ice","Crystal","Hennepin","Bassett Creek","Bassett Creek Park Pond","45.011132991014","-93.364071978296","01/15/2022 2:11"
"33670","14961","Georgia Ave 1","8466","Georgia Ave. N","","pounds","10","Snow and/or ice","Snow and/or ice","Crystal","Hennepin","Bassett Creek","Bassett Creek Park Pond","45.011201994372","-93.364136980058","01/15/2022 2:10"
"33536","15598","Dranosaurus Rex","8742","Anna","1","pounds","5","Brown leaves and/or sticks and twigs","Sediment/dirt","Crystal","Hennepin","Bassett Creek","Bassett Creek Main Stem (Upstream)","45.014570984092","-93.385154982606","01/13/2022 3:13"
"33476","8270","Our Storm Drain","4926","Gordon","","pounds","20","Snow and/or ice","Salt","Crystal","Hennepin","Shingle Creek","Shingle Creek","45.047068016941","-93.346574025109","01/06/2022 17:29"
"33192","16816","Oakey","9285","L T","8","pounds","45","Brown leaves and/or sticks and twigs","Trash","Crystal","Hennepin","Shingle Creek","Shingle Creek","45.063835655673","-93.367561430565","12/22/2021 15:32"
"33087","13523","Laurenâ€™s Drain","7812","Lauren Lien","8","pounds","4","Brown leaves and/or sticks and twigs","","Crystal","Hennepin","Shingle Creek","Shingle Creek","45.03648027","-93.37167263","12/22/2021 5:00"
"33046","10331","Uno","6222","Eskro","2.5","pounds","20","Brown leaves and/or sticks and twigs","Trash","Crystal","Hennepin","Shingle Creek","Shingle Creek","45.05829311","-93.35623485","12/21/2021 22:18"
"32873","18897","Rainy Drainy","10378","Grandpa, Grandma,  Airika and Ariana","","pounds","","There was no debris","There was no debris","Crystal","Hennepin","Shingle Creek","Shingle Creek","45.049926028824","-93.347237052","12/17/2021 22:01"
"32872","18894","Georgie","10378","Grandpa, Grandma,  Airika and Ariana","","pounds","","There was no debris","There was no debris","Crystal","Hennepin","Shingle Creek","Shingle Creek","45.049912028284","-93.347076022887","12/17/2021 22:00"
"32801","14965","Georgia Ave 5","8466","Georgia Ave. N","","pounds","5","Snow and/or ice","Snow and/or ice","Crystal","Hennepin","Bassett Creek","Bassett Creek Park Pond","45.011302023671","-93.363899027965","12/16/2021 13:31"
"32800","14964","Georgia Ave 4","8466","Georgia Ave. N","","pounds","5","Snow and/or ice","Snow and/or ice","Crystal","Hennepin","Bassett Creek","Bassett Creek Park Pond","45.011316980337","-93.364147963695","12/16/2021 13:31"
"32799","14963","Georgia Ave 3","8466","Georgia Ave. N","","pounds","5","Snow and/or ice","Snow and/or ice","Crystal","Hennepin","Bassett Creek","Bassett Creek Park Pond","45.011179000704","-93.363952977074","12/16/2021 13:30"
"32798","14962","Georgia Ave 2","8466","Georgia Ave. N","","pounds","5","Snow and/or ice","Snow and/or ice","Crystal","Hennepin","Bassett Creek","Bassett Creek Park Pond","45.011132991014","-93.364071978296","12/16/2021 13:30"
"32797","14961","Georgia Ave 1","8466","Georgia Ave. N","","pounds","5","Snow and/or ice","Snow and/or ice","Crystal","Hennepin","Bassett Creek","Bassett Creek Park Pond","45.011201994372","-93.364136980058","12/16/2021 13:30"
"32629","12571","Jo & Lu","7439","Jo & Lu","32","pounds","240","Brown leaves","Sediment/dirt","Crystal","Hennepin","Bassett Creek","Bassett Creek Park Pond","45.019215038964","-93.367533034477","12/10/2021 18:31"
"32628","12571","Jo & Lu","7439","Jo & Lu","32","pounds","240","Brown leaves","Sediment/dirt","Crystal","Hennepin","Bassett Creek","Bassett Creek Park Pond","45.019215038964","-93.367533034477","12/10/2021 18:30"
"32514","10010","River","6057","Jane","0.8","pounds","10","Brown leaves","","Crystal","Hennepin","Shingle Creek","Shingle Creek","45.050889045302","-93.37165302087","12/08/2021 22:10"
"32513","10009","Cedar","6057","Jane","1.6","pounds","15","Brown leaves","","Crystal","Hennepin","Shingle Creek","Shingle Creek","45.051075010494","-93.371341021321","12/08/2021 22:10"
"32512","10008","Rue","6057","Jane","0.8","pounds","10","Brown leaves","","Crystal","Hennepin","Shingle Creek","Shingle Creek","45.051119979102","-93.371655040078","12/08/2021 22:09"
"32511","18917","Hickory","6057","Jane","3.2","pounds","25","Brown leaves","","Crystal","Hennepin","Shingle Creek","Shingle Creek","45.051097002102","-93.370388985586","12/08/2021 22:09"
"32510","18916","Kindle","6057","Jane","1.6","pounds","20","Brown leaves","","Crystal","Hennepin","Shingle Creek","Shingle Creek","45.05127987","-93.37211624","12/08/2021 22:08"
"31973","18897","Rainy Drainy","10378","Grandpa, Grandma,  Airika and Ariana","12","pounds","15","Brown leaves","Brown leaves","Crystal","Hennepin","Shingle Creek","Shingle Creek","45.049926028824","-93.347237052","11/24/2021 22:07"
"31972","18894","Georgie","10378","Grandpa, Grandma,  Airika and Ariana","9.6","pounds","15","Brown leaves","Brown leaves","Crystal","Hennepin","Shingle Creek","Shingle Creek","45.049912028284","-93.347076022887","11/24/2021 22:07"
"31967","10706","Crystal","6405","Deb","0.8","pounds","3","Brown leaves","","Crystal","Hennepin","Shingle Creek","Shingle Creek","45.03652171","-93.35221608","11/24/2021 21:32"
"31966","10705","Welcome","6405","Deb","1.6","pounds","10","Brown leaves","","Crystal","Hennepin","Shingle Creek","Shingle Creek","45.036859044239","-93.351453006978","11/24/2021 21:31"
"31705","8270","Our Storm Drain","4926","Gordon","40","pounds","30","Brown leaves","Sediment/dirt","Crystal","Hennepin","Shingle Creek","Shingle Creek","45.047068016941","-93.346574025109","11/19/2021 1:49"
"31371","6351","Flowy","3950","pitanfamily","4","pounds","5","Brown leaves","Brown leaves","Crystal","Hennepin","Bassett Creek","Bassett Creek Park Pond","45.01648798546","-93.370135038989","11/17/2021 5:13"
"30622","10008","Rue","6057","Jane","1.6","pounds","10","Brown leaves","There was no debris","Crystal","Hennepin","Shingle Creek","Shingle Creek","45.051119979102","-93.371655040078","11/09/2021 23:20"
"30621","10009","Cedar","6057","Jane","1.6","pounds","10","Brown leaves","There was no debris","Crystal","Hennepin","Shingle Creek","Shingle Creek","45.051075010494","-93.371341021321","11/09/2021 23:19"
"30620","10010","River","6057","Jane","1.6","pounds","10","Brown leaves","There was no debris","Crystal","Hennepin","Shingle Creek","Shingle Creek","45.050889045302","-93.37165302087","11/09/2021 23:17"
"30530","18897","Rainy Drainy","10378","Grandpa, Grandma,  Airika and Ariana","8","pounds","10","Brown leaves","There was no debris","Crystal","Hennepin","Shingle Creek","Shingle Creek","45.049926028824","-93.347237052","11/08/2021 0:30"
"30529","18894","Georgie","10378","Grandpa, Grandma,  Airika and Ariana","12","pounds","10","Brown leaves","There was no debris","Crystal","Hennepin","Shingle Creek","Shingle Creek","45.049912028284","-93.347076022887","11/08/2021 0:29"
"28963","10706","Crystal","6405","Deb","","pounds","1","There was no debris","There was no debris","Crystal","Hennepin","Shingle Creek","Shingle Creek","45.03652171","-93.35221608","10/12/2021 15:12"
"28959","10705","Welcome","6405","Deb","1","pounds","2","Brown leaves","Grass and/or green leaves","Crystal","Hennepin","Shingle Creek","Shingle Creek","45.036859044239","-93.351453006978","10/12/2021 15:10"
"28805","13595","Damm","7859","Jill","8","pounds","8","Brown leaves","","Crystal","Hennepin","Shingle Creek","Shingle Creek","45.02825409","-93.36250052","10/10/2021 14:26"
"28804","13594","More","7859","Jill","6.4","pounds","7","Brown leaves","","Crystal","Hennepin","Shingle Creek","Shingle Creek","45.02817403","-93.36244499","10/10/2021 14:25"
"28803","13593","Flow","7859","Jill","5.6","pounds","5","Brown leaves","","Crystal","Hennepin","Shingle Creek","Shingle Creek","45.02808863","-93.36267312","10/10/2021 14:25"
"26518","14965","Georgia Ave 5","8466","Georgia Ave. N","","pounds","1","There was no debris","There was no debris","Crystal","Hennepin","Bassett Creek","Bassett Creek Park Pond","45.011302023671","-93.363899027965","08/17/2021 21:40"
"26517","14964","Georgia Ave 4","8466","Georgia Ave. N","","pounds","1","There was no debris","There was no debris","Crystal","Hennepin","Bassett Creek","Bassett Creek Park Pond","45.011316980337","-93.364147963695","08/17/2021 21:39"
"26516","14963","Georgia Ave 3","8466","Georgia Ave. N","","pounds","1","There was no debris","There was no debris","Crystal","Hennepin","Bassett Creek","Bassett Creek Park Pond","45.011179000704","-93.363952977074","08/17/2021 21:39"
"26515","14962","Georgia Ave 2","8466","Georgia Ave. N","","pounds","1","There was no debris","There was no debris","Crystal","Hennepin","Bassett Creek","Bassett Creek Park Pond","45.011132991014","-93.364071978296","08/17/2021 21:39"
"26514","14961","Georgia Ave 1","8466","Georgia Ave. N","","pounds","1","There was no debris","There was no debris","Crystal","Hennepin","Bassett Creek","Bassett Creek Park Pond","45.011201994372","-93.364136980058","08/17/2021 21:38"
"26422","13595","Damm","7859","Jill","3","pounds","5","Brown leaves","Sediment/dirt","Crystal","Hennepin","Shingle Creek","Shingle Creek","45.02825409","-93.36250052","08/12/2021 16:27"
"26421","13594","More","7859","Jill","4","pounds","5","Grass and/or green leaves","Sediment/dirt","Crystal","Hennepin","Shingle Creek","Shingle Creek","45.02817403","-93.36244499","08/12/2021 16:26"
"26420","13593","Flow","7859","Jill","5","pounds","10","Brown leaves","Sediment/dirt","Crystal","Hennepin","Shingle Creek","Shingle Creek","45.02808863","-93.36267312","08/12/2021 16:25"
"25786","10706","Crystal","6405","Deb","1","pounds","2","Sediment/dirt","Brown leaves","Crystal","Hennepin","Shingle Creek","Shingle Creek","45.03652171","-93.35221608","07/20/2021 15:32"
"25785","10705","Welcome","6405","Deb","1","pounds","3","Grass and/or green leaves","Grass and/or green leaves","Crystal","Hennepin","Shingle Creek","Shingle Creek","45.036859044239","-93.351453006978","07/20/2021 15:31"
"25541","14403","Because our neighbor blows things into the street","8218","","2","pounds","10","Brown leaves","Grass and/or green leaves","Crystal","Hennepin","Bassett Creek","Bassett Creek Main Stem (Upstream)","45.017355961506","-93.351092036064","07/12/2021 21:39"
"23167","15955","Idaho 3 Crystal","8877","Pratsch family","2","pounds","2","Brown leaves","","Crystal","Hennepin","Bassett Creek","Bassett Creek Park Pond","45.009382006677","-93.366581964021","04/22/2021 22:57"
"23166","15954","Idaho 2 Crystal","8877","Pratsch family","2","pounds","2","Brown leaves","","Crystal","Hennepin","Bassett Creek","Bassett Creek Park Pond","45.009297969984","-93.366322027129","04/22/2021 22:57"
"23165","15953","Idaho Crystal","8877","Pratsch family","40","pounds","10","Sediment/dirt","Brown leaves","Crystal","Hennepin","Bassett Creek","Bassett Creek Park Pond","45.009267001451","-93.366549001544","04/22/2021 22:54"
"22920","14965","Georgia Ave 5","8466","Georgia Ave. N","","pounds","","There was no debris","There was no debris","Crystal","Hennepin","Bassett Creek","Bassett Creek Park Pond","45.011302023671","-93.363899027965","04/18/2021 3:25"
"22919","14964","Georgia Ave 4","8466","Georgia Ave. N","","pounds","","There was no debris","There was no debris","Crystal","Hennepin","Bassett Creek","Bassett Creek Park Pond","45.011316980337","-93.364147963695","04/18/2021 3:25"
"22918","14963","Georgia Ave 3","8466","Georgia Ave. N","1","pounds","5","Brown leaves","","Crystal","Hennepin","Bassett Creek","Bassett Creek Park Pond","45.011179000704","-93.363952977074","04/18/2021 3:23"
"22917","14962","Georgia Ave 2","8466","Georgia Ave. N","2","pounds","5","Sediment/dirt","","Crystal","Hennepin","Bassett Creek","Bassett Creek Park Pond","45.011132991014","-93.364071978296","04/18/2021 3:23"
"22916","14961","Georgia Ave 1","8466","Georgia Ave. N","1","pounds","5","Brown leaves","","Crystal","Hennepin","Bassett Creek","Bassett Creek Park Pond","45.011201994372","-93.364136980058","04/18/2021 3:22"
"22524","15598","Dranosaurus Rex","8742","Anna","","pounds","","There was no debris","","Crystal","Hennepin","Bassett Creek","Bassett Creek Main Stem (Upstream)","45.014570984092","-93.385154982606","04/08/2021 14:58"
"22424","15956","Idaho 4 Crystal","8877","Pratsch family","0.4","pounds","1","Brown leaves","","Crystal","Hennepin","Bassett Creek","Bassett Creek Park Pond","45.009435999605","-93.366387992769","04/07/2021 0:48"
"22423","15955","Idaho 3 Crystal","8877","Pratsch family","0.8","pounds","1","Brown leaves","","Crystal","Hennepin","Bassett Creek","Bassett Creek Park Pond","45.009382006677","-93.366581964021","04/07/2021 0:48"
"22422","15954","Idaho 2 Crystal","8877","Pratsch family","","pounds","1","There was no debris","","Crystal","Hennepin","Bassett Creek","Bassett Creek Park Pond","45.009297969984","-93.366322027129","04/07/2021 0:47"
"22421","15953","Idaho Crystal","8877","Pratsch family","0.4","pounds","5","Brown leaves","","Crystal","Hennepin","Bassett Creek","Bassett Creek Park Pond","45.009267001451","-93.366549001544","04/07/2021 0:46"
"21054","15494","Snoop Drain","8685","Way-Scavo Family","1.5","pounds","10","Brown leaves","Snow and/or ice","Crystal","Hennepin","Shingle Creek","Shingle Creek","45.05284858","-93.34499274","03/10/2021 20:22"
"20704","13595","Damm","7859","Jill","3","pounds","10","Brown leaves","Brown leaves","Crystal","Hennepin","Shingle Creek","Shingle Creek","45.02825409","-93.36250052","02/11/2021 15:18"
"20703","13594","More","7859","Jill","4","pounds","10","Brown leaves","Brown leaves","Crystal","Hennepin","Shingle Creek","Shingle Creek","45.02817403","-93.36244499","02/11/2021 15:17"
"20701","13593","Flow","7859","Jill","4","pounds","10","Brown leaves","Sediment/dirt","Crystal","Hennepin","Shingle Creek","Shingle Creek","45.02808863","-93.36267312","02/11/2021 15:14"
"20700","13593","Flow","7859","Jill","5","pounds","15","Brown leaves","Sediment/dirt","Crystal","Hennepin","Shingle Creek","Shingle Creek","45.02808863","-93.36267312","02/11/2021 15:13"
"20680","8410","Jersey Girl","5034","Jolene SullivanWarnke","7.2","pounds","10","Grass and/or green leaves","Brown leaves and/or sticks and twigs","Crystal","Hennepin","Shingle Creek","Shingle Creek","45.031227026274","-93.367653033352","02/10/2021 20:11"
"20455","10871","Better planet","6492","Marge Keith","4","pounds","45","Brown leaves and/or sticks and twigs","Trash","Crystal","Hennepin","Shingle Creek","Shingle Creek","45.054740993402","-93.343830046491","01/24/2021 0:22"
"20043","10331","Uno","6222","Eskro","5","pounds","15","Brown leaves and/or sticks and twigs","Trash","Crystal","Hennepin","Shingle Creek","Shingle Creek","45.05829311","-93.35623485","01/13/2021 22:37"
"19890","10801","Greg","6451","Stangie","4","pounds","24","Brown leaves and/or sticks and twigs","Grass and/or green leaves","Crystal","Hennepin","Shingle Creek","Shingle Creek","45.059156971354","-93.363070002067","01/11/2021 22:51"
"19577","10160","Sally","6126","Susan","3","pounds","15","Brown leaves","Sediment/dirt","Crystal","Hennepin","Bassett Creek","Bassett Creek Main Stem (Upstream)","45.009070962682","-93.367813986442","01/02/2021 18:43"
"19576","10154","Butterscotch","6126","Susan","5","pounds","15","Grass and/or green leaves","Sediment/dirt","Crystal","Hennepin","Bassett Creek","Bassett Creek Park Pond","45.009094038943","-93.36766303551","01/02/2021 18:42"
"19534","10706","Crystal","6405","Deb","","pounds","5","There was no debris","There was no debris","Crystal","Hennepin","Shingle Creek","Shingle Creek","45.03652171","-93.35221608","12/31/2020 20:58"
"19390","14965","Georgia Ave 5","8466","Georgia Ave. N","","pounds","5","Snow and/or ice","Brown leaves","Crystal","Hennepin","Bassett Creek","Bassett Creek Park Pond","45.011302023671","-93.363899027965","12/28/2020 19:24"
"19389","14964","Georgia Ave 4","8466","Georgia Ave. N","","pounds","5","Snow and/or ice","Brown leaves","Crystal","Hennepin","Bassett Creek","Bassett Creek Park Pond","45.011316980337","-93.364147963695","12/28/2020 19:23"
"19388","14963","Georgia Ave 3","8466","Georgia Ave. N","","pounds","5","Snow and/or ice","Brown leaves","Crystal","Hennepin","Bassett Creek","Bassett Creek Park Pond","45.011179000704","-93.363952977074","12/28/2020 19:23"
"19387","14962","Georgia Ave 2","8466","Georgia Ave. N","","pounds","5","Snow and/or ice","Brown leaves","Crystal","Hennepin","Bassett Creek","Bassett Creek Park Pond","45.011132991014","-93.364071978296","12/28/2020 19:22"
"19386","14961","Georgia Ave 1","8466","Georgia Ave. N","","pounds","5","Snow and/or ice","Brown leaves","Crystal","Hennepin","Bassett Creek","Bassett Creek Park Pond","45.011201994372","-93.364136980058","12/28/2020 19:22"
"19193","12571","Jo & Lu","7439","Jo & Lu","40","pounds","80","Brown leaves","Sediment/dirt","Crystal","Hennepin","Bassett Creek","Bassett Creek Park Pond","45.019215038964","-93.367533034477","12/23/2020 21:53"
"18498","13638","Turtle 2","7887","Turtle Girl","0.8","pounds","5","Brown leaves","","Crystal","Hennepin","Bassett Creek","Bassett Creek Main Stem (Upstream)","45.02366843","-93.35222402","12/03/2020 14:18"
"18497","13637","Turtle 1","7887","Turtle Girl","3.2","pounds","3","Brown leaves","","Crystal","Hennepin","Bassett Creek","Bassett Creek Main Stem (Upstream)","45.0232744","-93.35210968","12/03/2020 14:17"
"18170","10010","River","6057","Jane","25","pounds","15","Brown leaves","","Crystal","Hennepin","Shingle Creek","Shingle Creek","45.050889045302","-93.37165302087","11/16/2020 13:43"
"18169","10009","Cedar","6057","Jane","25","pounds","15","Brown leaves","","Crystal","Hennepin","Shingle Creek","Shingle Creek","45.051075010494","-93.371341021321","11/16/2020 13:42"
"18168","10008","Rue","6057","Jane","20","pounds","18","Brown leaves","","Crystal","Hennepin","Shingle Creek","Shingle Creek","45.051119979102","-93.371655040078","11/16/2020 13:41"
"18163","14965","Georgia Ave 5","8466","Georgia Ave. N","1","pounds","5","Brown leaves","Snow and/or ice","Crystal","Hennepin","Bassett Creek","Bassett Creek Park Pond","45.011302023671","-93.363899027965","11/15/2020 17:18"
"18162","14964","Georgia Ave 4","8466","Georgia Ave. N","1","pounds","5","Brown leaves","Snow and/or ice","Crystal","Hennepin","Bassett Creek","Bassett Creek Park Pond","45.011316980337","-93.364147963695","11/15/2020 17:18"
"18161","14963","Georgia Ave 3","8466","Georgia Ave. N","1","pounds","5","Brown leaves","Snow and/or ice","Crystal","Hennepin","Bassett Creek","Bassett Creek Park Pond","45.011179000704","-93.363952977074","11/15/2020 17:18"
"18160","14962","Georgia Ave 2","8466","Georgia Ave. N","1","pounds","5","Brown leaves","Snow and/or ice","Crystal","Hennepin","Bassett Creek","Bassett Creek Park Pond","45.011132991014","-93.364071978296","11/15/2020 17:17"
"18159","14961","Georgia Ave 1","8466","Georgia Ave. N","1","pounds","5","Grass and/or green leaves","Snow and/or ice","Crystal","Hennepin","Bassett Creek","Bassett Creek Park Pond","45.011201994372","-93.364136980058","11/15/2020 17:17"
"17471","10705","Welcome","6405","Deb","4","pounds","10","Brown leaves","Grass and/or green leaves","Crystal","Hennepin","Shingle Creek","Shingle Creek","45.036859044239","-93.351453006978","11/02/2020 23:51"
"17264","8270","Our Storm Drain","4926","Gordon","15","pounds","10","Brown leaves","Brown leaves","Crystal","Hennepin","Shingle Creek","Shingle Creek","45.047068016941","-93.346574025109","11/01/2020 2:13"
"16930","14403","Because our neighbor blows things into the street","8218","","10","pounds","45","Brown leaves","","Crystal","Hennepin","Bassett Creek","Bassett Creek Main Stem (Upstream)","45.017355961506","-93.351092036064","10/30/2020 13:30"
"16742","8270","Our Storm Drain","4926","Gordon","60","pounds","30","Brown leaves","Grass and/or green leaves","Crystal","Hennepin","Shingle Creek","Shingle Creek","45.047068016941","-93.346574025109","10/24/2020 22:08"
"16710","10705","Welcome","6405","Deb","40","pounds","20","Grass and/or green leaves","Grass and/or green leaves","Crystal","Hennepin","Shingle Creek","Shingle Creek","45.036859044239","-93.351453006978","10/24/2020 13:04"
"15791","14403","Because our neighbor blows things into the street","8218","","2","pounds","20","Grass and/or green leaves","","Crystal","Hennepin","Bassett Creek","Bassett Creek Main Stem (Upstream)","45.017355961506","-93.351092036064","10/05/2020 14:22"
"14414","10706","Crystal","6405","Deb","1","pounds","5","Brown leaves","Grass and/or green leaves","Crystal","Hennepin","Shingle Creek","Shingle Creek","45.03652171","-93.35221608","08/20/2020 16:47"
"14413","10705","Welcome","6405","Deb","2","pounds","5","Brown leaves","Grass and/or green leaves","Crystal","Hennepin","Shingle Creek","Shingle Creek","45.036859044239","-93.351453006978","08/20/2020 16:45"
"14291","13638","Turtle 2","7887","Turtle Girl","1","pounds","3","Brown leaves","","Crystal","Hennepin","Bassett Creek","Bassett Creek Main Stem (Upstream)","45.02366843","-93.35222402","08/17/2020 12:14"
"14290","13637","Turtle 1","7887","Turtle Girl","1","pounds","2","Brown leaves","","Crystal","Hennepin","Bassett Creek","Bassett Creek Main Stem (Upstream)","45.0232744","-93.35210968","08/17/2020 12:13"
"14102","13594","More","7859","Jill","4","pounds","5","Brown leaves","Sediment/dirt","Crystal","Hennepin","Shingle Creek","Shingle Creek","45.02817403","-93.36244499","08/13/2020 14:50"
"14101","13593","Flow","7859","Jill","4","pounds","5","Brown leaves","Sediment/dirt","Crystal","Hennepin","Shingle Creek","Shingle Creek","45.02808863","-93.36267312","08/13/2020 14:49"
"14100","13595","Damm","7859","Jill","8","pounds","10","Brown leaves","Sediment/dirt","Crystal","Hennepin","Shingle Creek","Shingle Creek","45.02825409","-93.36250052","08/13/2020 14:48"
"12801","8270","Our Storm Drain","4926","Gordon","5","pounds","20","Sediment/dirt","Grass and/or green leaves","Crystal","Hennepin","Shingle Creek","Shingle Creek","45.047068016941","-93.346574025109","07/05/2020 18:47"
"12201","13008","58th & Twin Lake Terrace (East)","6494","Luther","2","pounds","1","Brown leaves","Sediment/dirt","Crystal","Hennepin","Shingle Creek","Shingle Creek","45.058038000749","-93.338971043333","06/23/2020 18:00"
"12200","13007","58th & Twin Lake Terrace (West)","6494","Luther","0.5","pounds","1","Grass and/or green leaves","Brown leaves","Crystal","Hennepin","Shingle Creek","Shingle Creek","45.058036979024","-93.339405973372","06/23/2020 17:59"
"12186","10875","57th & Twin Lake #2","6494","Luther","0.3","pounds","1","Grass and/or green leaves","","Crystal","Hennepin","Shingle Creek","Shingle Creek","45.05617703992","-93.339950011911","06/23/2020 15:09"
"12185","10874","57th & Twin Lake #1","6494","Luther","0.1","pounds","1","Grass and/or green leaves","","Crystal","Hennepin","Shingle Creek","Shingle Creek","45.055917005835","-93.340078957684","06/23/2020 15:08"
"11827","10160","Sally","6126","Susan","2","pounds","5","Brown leaves","","Crystal","Hennepin","Bassett Creek","Bassett Creek Main Stem (Upstream)","45.009070962682","-93.367813986442","06/20/2020 17:11"
"11826","10154","Butterscotch","6126","Susan","5","pounds","10","Brown leaves","Sediment/dirt","Crystal","Hennepin","Bassett Creek","Bassett Creek Park Pond","45.009094038943","-93.36766303551","06/20/2020 17:11"
"10210","10301","The main drain","6205","Mike Rehmann","1","pounds","1","Brown leaves","","Crystal","Hennepin","Shingle Creek","Shingle Creek","45.03918511","-93.36542224","04/22/2020 21:17"
"10071","11629","43rd and Adair SW corner","6878","Natalie","12","pounds","5","Sediment/dirt","Brown leaves","Crystal","Hennepin","Shingle Creek","Shingle Creek","45.033334959701","-93.356485955617","04/20/2020 2:58"
"10070","11546","SE Adair and 43rd","6878","Natalie","12","pounds","5","Sediment/dirt","Brown leaves","Crystal","Hennepin","Shingle Creek","Shingle Creek","45.033335993674","-93.3560679624","04/20/2020 2:58"
"9636","10706","Crystal","6405","Deb","0.5","pounds","1","Trash","","Crystal","Hennepin","Shingle Creek","Shingle Creek","45.03652171","-93.35221608","04/07/2020 23:58"
"9635","10706","Crystal","6405","Deb","","pounds","1","Snow and/or ice","","Crystal","Hennepin","Shingle Creek","Shingle Creek","45.03652171","-93.35221608","04/07/2020 23:57"
"9600","8270","Our Storm Drain","4926","Gordon","10","pounds","20","Sediment/dirt","","Crystal","Hennepin","Shingle Creek","Shingle Creek","45.047068016941","-93.346574025109","04/07/2020 22:49"
"9306","9976","North Yonkers Park Drain","6046","Monica Wade","5","pounds","10","Grass and/or green leaves","Sediment/dirt","Crystal","Hennepin","Bassett Creek","Bassett Creek Main Stem (Upstream)","45.012314982949","-93.388541968277","04/01/2020 2:17"
"9144","10875","57th & Twin Lake #2","6494","Luther","0.1","pounds","","Brown leaves","","Crystal","Hennepin","Shingle Creek","Shingle Creek","45.05617703992","-93.339950011911","03/26/2020 19:50"
"9143","10874","57th & Twin Lake #1","6494","Luther","0.1","pounds","","Brown leaves","","Crystal","Hennepin","Shingle Creek","Shingle Creek","45.055917005835","-93.340078957684","03/26/2020 19:49"
"9142","6351","Flowy","3950","pitanfamily","0.5","pounds","5","Grass and/or green leaves","Sediment/dirt","Crystal","Hennepin","Bassett Creek","Bassett Creek Park Pond","45.01648798546","-93.370135038989","03/26/2020 19:19"
"9116","10705","Welcome","6405","Deb","1","pounds","1","Brown leaves","Brown leaves","Crystal","Hennepin","Shingle Creek","Shingle Creek","45.036859044239","-93.351453006978","03/25/2020 14:40"
"9115","10705","Welcome","6405","Deb","1.2","pounds","1","Grass and/or green leaves","Grass and/or green leaves","Crystal","Hennepin","Shingle Creek","Shingle Creek","45.036859044239","-93.351453006978","03/25/2020 14:40"
"8921","10793","32Welcome","6447","DaveH","","pounds","5","Snow and/or ice","Trash","Crystal","Hennepin","Bassett Creek","Bassett Creek Main Stem (Upstream)","45.015611001648","-93.35136403506","03/13/2020 19:07"
"8846","8270","Our Storm Drain","4926","Gordon","30","pounds","20","Brown leaves","Trash","Crystal","Hennepin","Shingle Creek","Shingle Creek","45.047068016941","-93.346574025109","03/11/2020 15:42"
"8472","10301","The main drain","6205","Mike Rehmann","3","pounds","5","Brown leaves","Sediment/dirt","Crystal","Hennepin","Shingle Creek","Shingle Creek","45.03918511","-93.36542224","02/06/2020 20:31"
"8423","8270","Our Storm Drain","4926","Gordon","10","pounds","10","Brown leaves","","Crystal","Hennepin","Shingle Creek","Shingle Creek","45.047068016941","-93.346574025109","02/02/2020 17:48"
"8305","9973","Mark's Drain","6043","Mark","25","pounds","10","Sediment/dirt","Salt","Crystal","Hennepin","Bassett Creek","Bassett Creek Park Pond","45.010320016501","-93.36143604421","01/30/2020 1:20"
"7731","10333","Tres","6222","Eskro","2","pounds","15","Brown leaves","Grass and/or green leaves","Crystal","Hennepin","Shingle Creek","Shingle Creek","45.058160982803","-93.356457013001","01/13/2020 19:08"
"7730","10332","Dos","6222","Eskro","2","pounds","15","Brown leaves","Trash","Crystal","Hennepin","Shingle Creek","Shingle Creek","45.058161959385","-93.356143985896","01/13/2020 19:07"
"7729","10331","Uno","6222","Eskro","2","pounds","15","Brown leaves","Brown leaves","Crystal","Hennepin","Shingle Creek","Shingle Creek","45.05829311","-93.35623485","01/13/2020 19:07"
"7545","9974","Racoon","6044","RH","60","pounds","120","Sediment/dirt","Brown leaves","Crystal","Hennepin","Shingle Creek","Shingle Creek","45.047829007003","-93.345610999654","01/09/2020 21:10"
"7352","10010","River","6057","Jane","1.6","pounds","15","Brown leaves","Brown leaves","Crystal","Hennepin","Shingle Creek","Shingle Creek","45.050889045302","-93.37165302087","12/30/2019 22:02"
"7351","10009","Cedar","6057","Jane","3.2","pounds","20","Brown leaves","Brown leaves","Crystal","Hennepin","Shingle Creek","Shingle Creek","45.051075010494","-93.371341021321","12/30/2019 22:01"
"7350","10008","Rue","6057","Jane","2.4","pounds","15","Brown leaves","Brown leaves","Crystal","Hennepin","Shingle Creek","Shingle Creek","45.051119979102","-93.371655040078","12/30/2019 22:00"
"6961","8270","Our Storm Drain","4926","Gordon","96","pounds","60","Grass and/or green leaves","Trash","Crystal","Hennepin","Shingle Creek","Shingle Creek","45.047068016941","-93.346574025109","11/21/2019 22:58"
"6523","10160","Sally","6126","Susan","3","pounds","10","Brown leaves","","Crystal","Hennepin","Bassett Creek","Bassett Creek Main Stem (Upstream)","45.009070962682","-93.367813986442","11/05/2019 13:26"
"6522","10154","Butterscotch","6126","Susan","3","pounds","10","Brown leaves","","Crystal","Hennepin","Bassett Creek","Bassett Creek Park Pond","45.009094038943","-93.36766303551","11/05/2019 13:25"
"6321","10020","Project 5","6063","Nguyen5","5","pounds","29","Brown leaves","Sediment/dirt","Crystal","Hennepin","Shingle Creek","Shingle Creek","45.058294991624","-93.374869035411","10/28/2019 15:55"
"5664","9973","Mark's Drain","6043","Mark","2","pounds","5","Grass and/or green leaves","Brown leaves","Crystal","Hennepin","Bassett Creek","Bassett Creek Park Pond","45.010320016501","-93.36143604421","10/11/2019 19:49"
"4963","8411","Jersey Girl Too!","5034","Jolene SullivanWarnke","6","pounds","10","Grass and/or green leaves","Brown leaves","Crystal","Hennepin","Shingle Creek","Shingle Creek","45.031356968017","-93.367602991044","09/25/2019 23:21"
"4962","8409","Kentucky Parkers Jr","5034","Jolene SullivanWarnke","8.4","pounds","10","Grass and/or green leaves","Brown leaves","Crystal","Hennepin","Shingle Creek","Shingle Creek","45.02834100434","-93.36968103895","09/25/2019 23:21"
"4961","8410","Jersey Girl","5034","Jolene SullivanWarnke","7.2","pounds","10","Grass and/or green leaves","Brown leaves","Crystal","Hennepin","Shingle Creek","Shingle Creek","45.031227026274","-93.367653033352","09/25/2019 23:20"
"4960","8408","Kentucky Parkers","5034","Jolene SullivanWarnke","6","pounds","10","Grass and/or green leaves","Brown leaves","Crystal","Hennepin","Shingle Creek","Shingle Creek","45.028364992251","-93.369415949335","09/25/2019 23:19"
